SQL> SELECT CD,D FROM DEPARTAMENTOS;
SELECT CD,D FROM DEPARTAMENTOS
                 *
ERROR at line 1:
ORA-00942: table or view does not exist 


SQL> SELECT CD,D FROM DEPARTAMENTOS
  2  
SQL> SELECT CD,D FROM DEPARTAMENTOS;
SELECT CD,D FROM DEPARTAMENTOS
                 *
ERROR at line 1:
ORA-00942: table or view does not exist 


SQL> SELECT CD,D FROM DEPARTAMENTO;

        CD D                                                                    
---------- ------------------------------------------------------------         
         1 ANALISIS MATEMATICO                                                  
         2 ASTROFISICA                                                          
         4 MATEMATICA FUNDAMENTAL                                               
         3 ESTADISTICA, INVESTIGACION OPERATIVA Y COMPUTACION                   

SQL> SELECT * FROM AREA;

       CAR AR                                                                   
---------- ------------------------------------------------------------         
        CD                                                                      
----------                                                                      
         1 ALGEBRA                                                              
         4                                                                      
                                                                                
         2 ANALISIS MATEMATICO                                                  
         1                                                                      
                                                                                
         3 ASTRONOMIA Y ASTROFISICA                                             
         2                                                                      
                                                                                

       CAR AR                                                                   
---------- ------------------------------------------------------------         
        CD                                                                      
----------                                                                      
         4 CIENCIAS DE LA COMPUTACION E INTELIGENCIA ARTIFICIAL                 
         3                                                                      
                                                                                
         5 DIDACTICA DE LA MATEMATICA                                           
         1                                                                      
                                                                                
         6 ESTADISTICA E INVESTIGACION OPERATIVA                                
         3                                                                      
                                                                                

       CAR AR                                                                   
---------- ------------------------------------------------------------         
        CD                                                                      
----------                                                                      
         7 LENGUAJES Y SISTEMAS INFORMATICOS                                    
         3                                                                      
                                                                                
         8 MATEMATICA APLICADA                                                  
         1                                                                      
                                                                                

8 rows selected.

SQL> SELECT DNI FROM PROFESOR;

       DNI                                                                      
----------                                                                      
      1010                                                                      
      1111                                                                      
      2020                                                                      
      2222                                                                      
      3030                                                                      
      3333                                                                      
      4444                                                                      
      5555                                                                      
      6666                                                                      
      7777                                                                      
      8888                                                                      

       DNI                                                                      
----------                                                                      
      9999                                                                      

12 rows selected.

SQL> SELECT * FROM PROFESOR;

       DNI P                                                                    
---------- ------------------------------------------------------------         
       CAR CAT                                                                  
---------- -----                                                                
      1111 JUAN                                                                 
         6 CU                                                                   
                                                                                
      2222 CARLOS                                                               
         7 TU                                                                   
                                                                                
      3333 PEDRO                                                                
         4 TEU                                                                  
                                                                                

       DNI P                                                                    
---------- ------------------------------------------------------------         
       CAR CAT                                                                  
---------- -----                                                                
      4444 MARIA                                                                
         7 TU                                                                   
                                                                                
      5555 IVAN                                                                 
         1 CEU                                                                  
                                                                                
      6666 CARMEN                                                               
         3 CD                                                                   
                                                                                

       DNI P                                                                    
---------- ------------------------------------------------------------         
       CAR CAT                                                                  
---------- -----                                                                
      7777 MARIO                                                                
         2 TU                                                                   
                                                                                
      8888 FRANCISCO                                                            
         5 TU                                                                   
                                                                                
      9999 ANGELA                                                               
         8 TEU                                                                  
                                                                                

       DNI P                                                                    
---------- ------------------------------------------------------------         
       CAR CAT                                                                  
---------- -----                                                                
      1010 DAVID                                                                
         4 TU                                                                   
                                                                                
      2020 SOLEDAD                                                              
         7 CU                                                                   
                                                                                
      3030 JOSE MANUEL                                                          
         6 TEU                                                                  
                                                                                

12 rows selected.

SQL> SELECT * FROM PROFESOR ORDER BY P;

       DNI P                                                                    
---------- ------------------------------------------------------------         
       CAR CAT                                                                  
---------- -----                                                                
      9999 ANGELA                                                               
         8 TEU                                                                  
                                                                                
      2222 CARLOS                                                               
         7 TU                                                                   
                                                                                
      6666 CARMEN                                                               
         3 CD                                                                   
                                                                                

       DNI P                                                                    
---------- ------------------------------------------------------------         
       CAR CAT                                                                  
---------- -----                                                                
      1010 DAVID                                                                
         4 TU                                                                   
                                                                                
      8888 FRANCISCO                                                            
         5 TU                                                                   
                                                                                
      5555 IVAN                                                                 
         1 CEU                                                                  
                                                                                

       DNI P                                                                    
---------- ------------------------------------------------------------         
       CAR CAT                                                                  
---------- -----                                                                
      3030 JOSE MANUEL                                                          
         6 TEU                                                                  
                                                                                
      1111 JUAN                                                                 
         6 CU                                                                   
                                                                                
      4444 MARIA                                                                
         7 TU                                                                   
                                                                                

       DNI P                                                                    
---------- ------------------------------------------------------------         
       CAR CAT                                                                  
---------- -----                                                                
      7777 MARIO                                                                
         2 TU                                                                   
                                                                                
      3333 PEDRO                                                                
         4 TEU                                                                  
                                                                                
      2020 SOLEDAD                                                              
         7 CU                                                                   
                                                                                

12 rows selected.

SQL> SELECT * FROM PROFESOR ORDER BY P,DNI,CAT,CAR
  2  
SQL> SELECT * FROM PROFESOR ORDER BY P,DNI,CAT,CAR;

       DNI P                                                                    
---------- ------------------------------------------------------------         
       CAR CAT                                                                  
---------- -----                                                                
      9999 ANGELA                                                               
         8 TEU                                                                  
                                                                                
      2222 CARLOS                                                               
         7 TU                                                                   
                                                                                
      6666 CARMEN                                                               
         3 CD                                                                   
                                                                                

       DNI P                                                                    
---------- ------------------------------------------------------------         
       CAR CAT                                                                  
---------- -----                                                                
      1010 DAVID                                                                
         4 TU                                                                   
                                                                                
      8888 FRANCISCO                                                            
         5 TU                                                                   
                                                                                
      5555 IVAN                                                                 
         1 CEU                                                                  
                                                                                

       DNI P                                                                    
---------- ------------------------------------------------------------         
       CAR CAT                                                                  
---------- -----                                                                
      3030 JOSE MANUEL                                                          
         6 TEU                                                                  
                                                                                
      1111 JUAN                                                                 
         6 CU                                                                   
                                                                                
      4444 MARIA                                                                
         7 TU                                                                   
                                                                                

       DNI P                                                                    
---------- ------------------------------------------------------------         
       CAR CAT                                                                  
---------- -----                                                                
      7777 MARIO                                                                
         2 TU                                                                   
                                                                                
      3333 PEDRO                                                                
         4 TEU                                                                  
                                                                                
      2020 SOLEDAD                                                              
         7 CU                                                                   
                                                                                

12 rows selected.

SQL> SELECT * FROM PROFESOR ORDER BY DNI;

       DNI P                                                                    
---------- ------------------------------------------------------------         
       CAR CAT                                                                  
---------- -----                                                                
      1010 DAVID                                                                
         4 TU                                                                   
                                                                                
      1111 JUAN                                                                 
         6 CU                                                                   
                                                                                
      2020 SOLEDAD                                                              
         7 CU                                                                   
                                                                                

       DNI P                                                                    
---------- ------------------------------------------------------------         
       CAR CAT                                                                  
---------- -----                                                                
      2222 CARLOS                                                               
         7 TU                                                                   
                                                                                
      3030 JOSE MANUEL                                                          
         6 TEU                                                                  
                                                                                
      3333 PEDRO                                                                
         4 TEU                                                                  
                                                                                

       DNI P                                                                    
---------- ------------------------------------------------------------         
       CAR CAT                                                                  
---------- -----                                                                
      4444 MARIA                                                                
         7 TU                                                                   
                                                                                
      5555 IVAN                                                                 
         1 CEU                                                                  
                                                                                
      6666 CARMEN                                                               
         3 CD                                                                   
                                                                                

       DNI P                                                                    
---------- ------------------------------------------------------------         
       CAR CAT                                                                  
---------- -----                                                                
      7777 MARIO                                                                
         2 TU                                                                   
                                                                                
      8888 FRANCISCO                                                            
         5 TU                                                                   
                                                                                
      9999 ANGELA                                                               
         8 TEU                                                                  
                                                                                

12 rows selected.

SQL> SELECT * FROM PROFESOR ORDER BY DNI DESC;

       DNI P                                                                    
---------- ------------------------------------------------------------         
       CAR CAT                                                                  
---------- -----                                                                
      9999 ANGELA                                                               
         8 TEU                                                                  
                                                                                
      8888 FRANCISCO                                                            
         5 TU                                                                   
                                                                                
      7777 MARIO                                                                
         2 TU                                                                   
                                                                                

       DNI P                                                                    
---------- ------------------------------------------------------------         
       CAR CAT                                                                  
---------- -----                                                                
      6666 CARMEN                                                               
         3 CD                                                                   
                                                                                
      5555 IVAN                                                                 
         1 CEU                                                                  
                                                                                
      4444 MARIA                                                                
         7 TU                                                                   
                                                                                

       DNI P                                                                    
---------- ------------------------------------------------------------         
       CAR CAT                                                                  
---------- -----                                                                
      3333 PEDRO                                                                
         4 TEU                                                                  
                                                                                
      3030 JOSE MANUEL                                                          
         6 TEU                                                                  
                                                                                
      2222 CARLOS                                                               
         7 TU                                                                   
                                                                                

       DNI P                                                                    
---------- ------------------------------------------------------------         
       CAR CAT                                                                  
---------- -----                                                                
      2020 SOLEDAD                                                              
         7 CU                                                                   
                                                                                
      1111 JUAN                                                                 
         6 CU                                                                   
                                                                                
      1010 DAVID                                                                
         4 TU                                                                   
                                                                                

12 rows selected.

SQL> SELECT * FROM PROFESOR ORDER BY DNI ALIAS OTRONOMBRE DESC;
SELECT * FROM PROFESOR ORDER BY DNI ALIAS OTRONOMBRE DESC
                                    *
ERROR at line 1:
ORA-00933: SQL command not properly ended 


SQL> SELECT * FROM PROFESOR ORDER BY DNI ALIAS OTRONOMBRE;
SELECT * FROM PROFESOR ORDER BY DNI ALIAS OTRONOMBRE
                                    *
ERROR at line 1:
ORA-00933: SQL command not properly ended 


SQL> SELECT DNI AS CLAVE  FROM PROFESOR ORDER BY DNI ;

     CLAVE                                                                      
----------                                                                      
      1010                                                                      
      1111                                                                      
      2020                                                                      
      2222                                                                      
      3030                                                                      
      3333                                                                      
      4444                                                                      
      5555                                                                      
      6666                                                                      
      7777                                                                      
      8888                                                                      

     CLAVE                                                                      
----------                                                                      
      9999                                                                      

12 rows selected.

SQL> SELECT * FROM ASIGNATURA
  2  
SQL> SELECT * FROM ASIGNATURAm;
SELECT * FROM ASIGNATURAm
              *
ERROR at line 1:
ORA-00942: table or view does not exist 


SQL> SELECT * FROM ASIGNATURA;

       CAS A                                                  T           CUR   
---------- -------------------------------------------------- ---- ----------   
       CAR         CT         CP         CL                                     
---------- ---------- ---------- ----------                                     
         1 BASE DE DATOS                                      GII           3   
         7          3        1.5        1.5                                     
                                                                                
         2 INTELIGENCIA ARTIFICIAL                            GII           3   
         4        1.5        1.5          3                                     
                                                                                
         3 ALMACENES DE DATOS                                 MII           1   
         7        1.5          0        1.5                                     
                                                                                

       CAS A                                                  T           CUR   
---------- -------------------------------------------------- ---- ----------   
       CAR         CT         CP         CL                                     
---------- ---------- ---------- ----------                                     
         4 MINERIA DE DATOS                                   MII           1   
         7        1.5          0        1.5                                     
                                                                                
         5 INFORMATICA BASICA                                 GII           1   
         7          3        1.5        1.5                                     
                                                                                
         6 ALGEBRA                                            GII           1   
         1          3          3          0                                     
                                                                                

       CAS A                                                  T           CUR   
---------- -------------------------------------------------- ---- ----------   
       CAR         CT         CP         CL                                     
---------- ---------- ---------- ----------                                     
         7 CALCULO                                            GII           1   
         8          3          3          0                                     
                                                                                
         8 OPTIMIZACION                                       GII           1   
         6          3        1.5        1.5                                     
                                                                                
         9 GESTION DE RIESGOS                                 GII           3   
         4          3          0          3                                     
                                                                                

       CAS A                                                  T           CUR   
---------- -------------------------------------------------- ---- ----------   
       CAR         CT         CP         CL                                     
---------- ---------- ---------- ----------                                     
        10 ASTRONOMIA                                         GF            2   
         3          3        1.5        1.5                                     
                                                                                
        11 ENSENANZA DE LA MATEMATICA                         GM            2   
         3          3        1.5        1.5                                     
                                                                                
        12 ANALISIS COMPLEJO                                  GM            4   
         2        4.5          3          0                                     
                                                                                

12 rows selected.

SQL> SELECT * FROM ASIGNATURA WHERE T='GII';

       CAS A                                                  T           CUR   
---------- -------------------------------------------------- ---- ----------   
       CAR         CT         CP         CL                                     
---------- ---------- ---------- ----------                                     
         1 BASE DE DATOS                                      GII           3   
         7          3        1.5        1.5                                     
                                                                                
         2 INTELIGENCIA ARTIFICIAL                            GII           3   
         4        1.5        1.5          3                                     
                                                                                
         5 INFORMATICA BASICA                                 GII           1   
         7          3        1.5        1.5                                     
                                                                                

       CAS A                                                  T           CUR   
---------- -------------------------------------------------- ---- ----------   
       CAR         CT         CP         CL                                     
---------- ---------- ---------- ----------                                     
         6 ALGEBRA                                            GII           1   
         1          3          3          0                                     
                                                                                
         7 CALCULO                                            GII           1   
         8          3          3          0                                     
                                                                                
         8 OPTIMIZACION                                       GII           1   
         6          3        1.5        1.5                                     
                                                                                

       CAS A                                                  T           CUR   
---------- -------------------------------------------------- ---- ----------   
       CAR         CT         CP         CL                                     
---------- ---------- ---------- ----------                                     
         9 GESTION DE RIESGOS                                 GII           3   
         4          3          0          3                                     
                                                                                

7 rows selected.

SQL> SELECT DNI FROM PROFESOR WHERE CAR=7
  2  
SQL> SELECT DNI FROM PROFESOR WHERE CAR=7;

       DNI                                                                      
----------                                                                      
      2222                                                                      
      4444                                                                      
      2020                                                                      

SQL> SELECT P FROM PROFESOR WHERE CAR=7;

P                                                                               
------------------------------------------------------------                    
CARLOS                                                                          
MARIA                                                                           
SOLEDAD                                                                         

SQL> SELECT CAS FROM ASIGNATURA WHERE CAS>=7;

       CAS                                                                      
----------                                                                      
         7                                                                      
         8                                                                      
         9                                                                      
        10                                                                      
        11                                                                      
        12                                                                      

6 rows selected.

SQL> SELECT A FROM ASIGNATURA WHERE CAS>=7;

A                                                                               
--------------------------------------------------                              
CALCULO                                                                         
OPTIMIZACION                                                                    
GESTION DE RIESGOS                                                              
ASTRONOMIA                                                                      
ENSENANZA DE LA MATEMATICA                                                      
ANALISIS COMPLEJO                                                               

6 rows selected.

SQL> SELECT CAS FROM ASIGNATURA WHERE A='ALMACENES DE DATOS';

       CAS                                                                      
----------                                                                      
         3                                                                      

SQL> SELECT A FROM ASIGNATURA WHERE CAS!=8;

A                                                                               
--------------------------------------------------                              
BASE DE DATOS                                                                   
INTELIGENCIA ARTIFICIAL                                                         
ALMACENES DE DATOS                                                              
MINERIA DE DATOS                                                                
INFORMATICA BASICA                                                              
ALGEBRA                                                                         
CALCULO                                                                         
GESTION DE RIESGOS                                                              
ASTRONOMIA                                                                      
ENSENANZA DE LA MATEMATICA                                                      
ANALISIS COMPLEJO                                                               

11 rows selected.

SQL> SELECT A FROM ASIGNATURA WHERE CAS!=8 AND CAS !=11;

A                                                                               
--------------------------------------------------                              
BASE DE DATOS                                                                   
INTELIGENCIA ARTIFICIAL                                                         
ALMACENES DE DATOS                                                              
MINERIA DE DATOS                                                                
INFORMATICA BASICA                                                              
ALGEBRA                                                                         
CALCULO                                                                         
GESTION DE RIESGOS                                                              
ASTRONOMIA                                                                      
ANALISIS COMPLEJO                                                               

10 rows selected.

SQL> SELECT CAS FROM PLAN_DOCENTE WHERE DNI=3333;

       CAS                                                                      
----------                                                                      
         2                                                                      
         9                                                                      

SQL> SELECT CD FROM DEPARTAMENTO WHERE D='ASTROFISICA';

        CD                                                                      
----------                                                                      
         2                                                                      

SQL> SELECT DNI FROM PLAN_DOCENTE WHERE FI='01-SEP-09';

       DNI                                                                      
----------                                                                      
      1010                                                                      
      1111                                                                      
      2222                                                                      
      3030                                                                      
      3333                                                                      
      8888                                                                      

6 rows selected.

SQL> SELECT DNI FROM PLAN_DOCENTE WHERE FI<'01-SEP-09';

       DNI                                                                      
----------                                                                      
      1010                                                                      
      1010                                                                      
      1111                                                                      
      2020                                                                      
      2222                                                                      
      3333                                                                      
      4444                                                                      
      6666                                                                      

8 rows selected.

SQL> SELECT DNI,FI FROM PLAN_DOCENTE WHERE FI<'01-SEP-09';

       DNI FI                                                                   
---------- ---------                                                            
      1010 01-SEP-05                                                            
      1010 01-SEP-08                                                            
      1111 01-SEP-07                                                            
      2020 01-SEP-08                                                            
      2222 01-SEP-06                                                            
      3333 01-SEP-08                                                            
      4444 01-SEP-08                                                            
      6666 01-SEP-08                                                            

8 rows selected.

SQL> SELECT DNI,FI FROM PLAN_DOCENTE WHERE FI='01-SEP-09';

       DNI FI                                                                   
---------- ---------                                                            
      1010 01-SEP-09                                                            
      1111 01-SEP-09                                                            
      2222 01-SEP-09                                                            
      3030 01-SEP-09                                                            
      3333 01-SEP-09                                                            
      8888 01-SEP-09                                                            

6 rows selected.

SQL> SELECT A  FROM ASIGNATURA WHERE CAR=3 AND CAR=5 AND CAR=8;

no rows selected

SQL> SELECT A  FROM ASIGNATURA WHERE CAR=3 OR CAR=5 OR CAR=8;

A                                                                               
--------------------------------------------------                              
CALCULO                                                                         
ASTRONOMIA                                                                      
ENSENANZA DE LA MATEMATICA                                                      

SQL> EXIT
